conf_thr,tau_span,rel_margin,total,approved,rejected,coverage,abstain_rate,accuracy_on_approved,overall_accuracy
0.7,0.55,0.06,120,59,61,0.49166666666666664,0.5083333333333333,1.0,0.49166666666666664
0.75,0.55,0.06,120,58,62,0.48333333333333334,0.5166666666666667,1.0,0.48333333333333334
0.8,0.55,0.06,120,58,62,0.48333333333333334,0.5166666666666667,1.0,0.48333333333333334
