{
  "bench": "mapper_bench",
  "backend": "sbert",
  "thresholds": [
    0.7
  ],
  "chosen": {
    "threshold": 0.7,
    "abstain_rate": 0.16666666666666666,
    "coverage": 0.8333333333333334,
    "accuracy_on_fired": 1.0,
    "overall_accuracy": 0.8333333333333334
  },
  "timestamp": 1758426660
}