total,approved,rejected,coverage,abstain_rate,accuracy_on_approved,overall_accuracy
120,38,82,0.31666666666666665,0.6833333333333333,0.7368421052631579,0.23333333333333334
