{
  "samples": 22,
  "runs_per_case": 20,
  "metrics": {
    "accuracy_exact": 0.45454545454545453,
    "precision_micro": 1.0,
    "recall_micro": 0.25,
    "f1_micro": 0.4,
    "precision_macro": 0.375,
    "recall_macro": 0.25,
    "f1_macro": 0.29166666666666663,
    "hallucination_rate": 0.0,
    "omission_rate": 0.5454545454545454,
    "abstain_rate": 0.8181818181818182
  },
  "metrics_exec": {
    "accuracy_exact": 0.25,
    "precision_micro": 1.0,
    "recall_micro": 0.25,
    "f1_micro": 0.4,
    "precision_macro": 0.375,
    "recall_macro": 0.25,
    "f1_macro": 0.29166666666666663
  },
  "unstable_cases": []
}