{
  "samples": 200,
  "geodesic": {
    "accuracy_exact": 0.0,
    "precision": 0.3330714285714289,
    "recall": 1.0,
    "f1": 0.4817276334776333,
    "jaccard": 0.3330714285714289,
    "hallucination_rate": 0.6669285714285711,
    "omission_rate": 0.0
  },
  "stock": {
    "accuracy_exact": 0.1,
    "precision": 0.533833333333333,
    "recall": 0.7875,
    "f1": 0.5868888888888892,
    "jaccard": 0.4587619047619046,
    "hallucination_rate": 0.46616666666666684,
    "omission_rate": 0.21249999999999997
  },
  "plot_raw": "manifold_pca3_mesh_warped.png",
  "plot_fitted": "manifold_pca3_mesh_warped_fit.png",
  "csv": ".artifacts/defi_metrics.csv"
}
