threshold,total,abstain,abstain_rate,coverage,fired,correct_on_fired,accuracy_on_fired,overall_correct,overall_accuracy
0.2,120,False,0.0,1.0,120,111,0.925,111,0.925
0.25,120,False,0.0,1.0,120,111,0.925,111,0.925
0.3,120,False,0.0,1.0,120,111,0.925,111,0.925
0.35,120,False,0.0,0.9833333333333333,118,110,0.9322033898305084,110,0.9166666666666666
0.4,120,False,0.0,0.9833333333333333,118,110,0.9322033898305084,110,0.9166666666666666
